Image,Distance
image_0158.jpg,0.0
image_0367.jpg,0.32172304
image_0137.jpg,0.3230821
image_0130.jpg,0.33179283
image_0978.jpg,0.34279174
