Image,Distance
image_0090.jpg,1.1920929e-07
image_0100.jpg,0.001175344
image_0094.jpg,0.23615956
image_0093.jpg,0.23768187
image_0088.jpg,0.24557245
