Image,Distance
image_0393.jpg,37.80724583556209
image_0510.jpg,38.359698998396176
image_0791.jpg,38.43168527594945
image_0773.jpg,38.782340503972634
image_1303.jpg,38.81531082133851
